patient_id,generated_response
S001,"- Decision: ROUTE FOR REVIEW
 - Reason: Policy check: CPT 99214 and diagnosis I48.91 are covered under POL1020, and gender/preauthorization policy criteria are satisfied. However, the patient is 62 years old, which falls outside the policy’s allowed age range for this procedure (27–58). Additionally, clinical documentation, primary diagnosis linkage, provider credentials, and a preauthorization reference ID are missing from the submission. Because the age criterion is not met and documentation is incomplete, route the claim for manual review to assess exceptions or obtain supporting records."
S002,"- Decision: ROUTE FOR REVIEW
 - Reason: The claimed procedure (CPT 45378) is not listed in the provided policy (POL1001) which only references CPT 83036; the diagnosis (K21.9 — GERD) does not match policy-covered diagnoses (I20.0, M54.5) and is clinically discordant with a colonoscopy; the patient does not meet the age range cited for the listed procedure; and preauthorization documentation is indicated but not supplied. Given these mismatches and missing verifiable preauthorization, the claim must be routed for manual review. Recommended actions: verify policy section for colonoscopy coverage, supply clinical justification for colonoscopy, provide preauthorization number/documentation, and correct the age discrepancy."
S003,"- Decision: ROUTE FOR REVIEW
 - Reason: The CPT 85025 is listed in policy POL1012 but the claim fails to meet multiple policy conditions: the diagnosis on the claim (F32.9 — major depressive disorder) does not match the policy-covered diagnosis (E11.9); the policy restricts 85025 to male patients while the patient is female; and the policy covers ages 60–70 while the patient is 28. Preauthorization status is irrelevant since the policy does not require it. Route for manual review to consider exceptions and obtain missing provider/clinical linkage if needed."
S004,"- Decision: ROUTE FOR REVIEW
 - Reason: Policy POL1001 only lists CPT 83036 (Hemoglobin A1c) for diagnoses I20.0 and M54.5; the claimed CPT 93000 and diagnosis I10 are not covered under this policy. Preauthorization, age (77), and gender requirements are satisfied, but lack of an explicit procedure and diagnosis match requires manual review to check for miscoding or applicable exceptions and to obtain supporting clinical documentation."
S005,"- Decision: ROUTE FOR REVIEW
 - Reason: Policy POL1005 lists CPT 93000 but coverage requires diagnosis J44.9, male gender, and age 24–40. The claim has diagnosis I20.0 (unstable angina), female gender, and age 41 (or inconsistent age 42 recorded), so diagnosis, gender, and age criteria are not met; only preauthorization is satisfied. Recommend manual review with reconciliation of age discrepancy and submission of additional documentation (alternate diagnosis, medical necessity justification, or policy exception) if applicable."
S006,"- Decision: APPROVE
 - Reason: Policy POL1021 (Gold HMO 5000) explicitly covers CPT 93000 for diagnosis E11.9. Patient age (35) falls within the policy age range (35–85), gender is allowed, and preauthorization — which is required — has been obtained. Missing ancillary fields (place-of-service, units, sequencing, modifiers) are not specified as required by the policy and do not block approval."
S007,"- Decision: APPROVE
 - Reason: Policy POL1018 covers CPT 99213 for diagnosis G43.909 for male patients aged 24–70; preauthorization was required and was obtained. The DOB-derived age (36 at DOS) and recorded age (37) are within the covered range; no coverage conditions were violated. Recommend verifying the minor age discrepancy and retaining authorization reference and supporting documentation for claims processing."
S008,"- Decision: APPROVE
 - Reason: Procedure CPT 93000 is listed as covered under policy POL1026 for diagnosis J44.9. The patient (male, age 41) meets the policy's gender and age requirements (39–75). Preauthorization was required and is documented as obtained. Missing administrative details (place-of-service code, units, itemized line details) are noted but do not affect coverage determination."
S009,"- Decision: APPROVE
 - Reason: Procedure 36415 is covered under policy POL1009 for diagnosis G43.909. Patient age (31) and gender meet policy criteria, and preauthorization—required by the policy—is reported as obtained. Therefore, all policy conditions are satisfied and the claim is APPROVED."
S010,"- Decision: ROUTE FOR REVIEW
 - Reason: Procedure 93000 is listed in policy POL1012 and the diagnosis G43.909 matches the policy. Patient gender (female) also satisfies the policy restriction and preauthorization is not required. However, the patient’s age at date of service is 43, which falls outside the policy’s allowed age range for 93000 (2 to 33 years). Because the age requirement is not satisfied, the claim cannot be automatically approved and must be ROUTED FOR REVIEW. Recommended next steps: confirm whether an exception or medical-necessity override can apply for patients older than 33 and request supporting clinical documentation (encounter notes, ECG report, and indication) to assess medical necessity."
